{
  "Accuracy": 0.46153846153846156,
  "Precision(weighted)": 0.2937062937062937,
  "Recall(weighted)": 0.46153846153846156,
  "F1(weighted)": 0.3589743589743589
}