{
  "RMSE": 605081131.0311325,
  "MAE": 259363589.74358982,
  "R2": 0.858286411020758
}